"TRACE_after","40.6053371","-8.6630825","null","40° 36' 19.21'' N | 8° 39' 47.1'' W","528503.643E 4495001.784N 29T","29TNE 28504 95002","-8.663 40.605","EPSG:4326","13.47","null","2022-06-14 12:03:47","3.9","7.69","136.01697","null"
"TRACE_after","40.6052809","-8.6630254","null","40° 36' 19.01'' N | 8° 39' 46.89'' W","528508.498E 4494995.564N 29T","29TNE 28508 94996","-8.663 40.605","EPSG:4326","13.47","null","2022-06-14 12:03:48","3.9","7.79","141.99463","null"
"TRACE_after","40.6051605","-8.6629641","null","40° 36' 18.58'' N | 8° 39' 46.67'' W","528513.735E 4494982.219N 29T","29TNE 28514 94982","-8.663 40.605","EPSG:4326","13.47","null","2022-06-14 12:03:49","3.88","7.93","169.97342","null"
"TRACE_after","40.605056","-8.6629562","null","40° 36' 18.2'' N | 8° 39' 46.64'' W","528514.448E 4494970.622N 29T","29TNE 28514 94971","-8.663 40.605","EPSG:4326","13.47","null","2022-06-14 12:03:51","3.88","9.37","185.9885","null"
"TRACE_after","40.6049799","-8.662974","null","40° 36' 17.93'' N | 8° 39' 46.71'' W","528512.974E 4494962.169N 29T","29TNE 28513 94962","-8.663 40.605","EPSG:4326","13.47","null","2022-06-14 12:03:52","3.88","10.01","191.85","null"
"TRACE_after","40.6048152","-8.6630702","null","40° 36' 17.33'' N | 8° 39' 47.05'' W","528504.906E 4494943.856N 29T","29TNE 28505 94944","-8.663 40.605","EPSG:4326","13.47","null","2022-06-14 12:03:53","3.88","11.8","207.96478","null"
"TRACE_after","40.6046844","-8.6631635","null","40° 36' 16.86'' N | 8° 39' 47.39'' W","528497.068E 4494929.307N 29T","29TNE 28497 94929","-8.663 40.605","EPSG:4326","13.47","null","2022-06-14 12:03:55","3.88","12.23","208.00017","null"
"TRACE_after","40.6045995","-8.6632152","null","40° 36' 16.56'' N | 8° 39' 47.57'' W","528492.73E 4494919.866N 29T","29TNE 28493 94920","-8.663 40.605","EPSG:4326","13.47","null","2022-06-14 12:03:56","3.88","11.36","202.00287","null"
"TRACE_after","40.6044357","-8.6632709","null","40° 36' 15.97'' N | 8° 39' 47.78'' W","528488.087E 4494901.666N 29T","29TNE 28488 94902","-8.663 40.604","EPSG:4326","13.47","null","2022-06-14 12:03:57","3.88","9.83","185.00757","null"
"TRACE_after","40.6043098","-8.6632813","null","40° 36' 15.52'' N | 8° 39' 47.81'' W","528487.261E 4494887.687N 29T","29TNE 28487 94888","-8.663 40.604","EPSG:4326","13.47","null","2022-06-14 12:03:59","3.88","10.4","177.00252","null"
"TRACE_after","40.604221","-8.6632659","null","40° 36' 15.2'' N | 8° 39' 47.76'' W","528488.601E 4494877.835N 29T","29TNE 28489 94878","-8.663 40.604","EPSG:4326","13.47","null","2022-06-14 12:04:00","3.88","11.41","171.00372","null"
"TRACE_after","40.6040214","-8.6632345","null","40° 36' 14.48'' N | 8° 39' 47.64'' W","528491.343E 4494855.689N 29T","29TNE 28491 94856","-8.663 40.604","EPSG:4326","13.47","null","2022-06-14 12:04:01","3.88","13.7","172.98666","null"
"TRACE_after","40.6036784","-8.6631935","null","40° 36' 13.24'' N | 8° 39' 47.5'' W","528494.957E 4494817.629N 29T","29TNE 28495 94818","-8.663 40.604","EPSG:4326","13.47","null","2022-06-14 12:04:05","3.86","16.12","174.99785","null"
"TRACE_after","40.6031278","-8.663147","null","40° 36' 11.26'' N | 8° 39' 47.33'' W","528499.125E 4494756.526N 29T","29TNE 28499 94757","-8.663 40.603","EPSG:4326","13.47","null","2022-06-14 12:04:08","3.83","15.06","176.9979","null"
"TRACE_after","40.6030117","-8.663145","null","40° 36' 10.84'' N | 8° 39' 47.32'' W","528499.343E 4494743.64N 29T","29TNE 28499 94744","-8.663 40.603","EPSG:4326","13.47","null","2022-06-14 12:04:09","3.85","12.9","178.99846","null"
"TRACE_after","40.6028708","-8.6631449","null","40° 36' 10.33'' N | 8° 39' 47.32'' W","528499.412E 4494727.999N 29T","29TNE 28499 94728","-8.663 40.603","EPSG:4326","13.47","null","2022-06-14 12:04:11","3.87","5.47","181.99707","null"
"TRACE_after","40.6028041","-8.6631582","null","40° 36' 10.09'' N | 8° 39' 47.37'' W","528498.315E 4494720.591N 29T","29TNE 28498 94721","-8.663 40.603","EPSG:4326","13.47","null","2022-06-14 12:04:13","3.88","4.27","199.99382","null"
"TRACE_after","40.6027727","-8.6631897","null","40° 36' 9.98'' N | 8° 39' 47.48'' W","528495.663E 4494717.096N 29T","29TNE 28496 94717","-8.663 40.603","EPSG:4326","13.47","null","2022-06-14 12:04:14","3.88","5.39","221.80692","null"
"TRACE_after","40.6027213","-8.6633161","null","40° 36' 9.8'' N | 8° 39' 47.94'' W","528484.991E 4494711.349N 29T","29TNE 28485 94711","-8.663 40.603","EPSG:4326","13.47","null","2022-06-14 12:04:15","3.88","8.25","246.94843","null"
"TRACE_after","40.6026867","-8.663424","null","40° 36' 9.67'' N | 8° 39' 48.33'' W","528475.877E 4494707.474N 29T","29TNE 28476 94707","-8.663 40.603","EPSG:4326","13.47","null","2022-06-14 12:04:16","3.88","9.97","246.9955","null"
"TRACE_after","40.6026468","-8.6635404","null","40° 36' 9.53'' N | 8° 39' 48.75'' W","528466.046E 4494703.007N 29T","29TNE 28466 94703","-8.664 40.603","EPSG:4326","13.47","null","2022-06-14 12:04:17","3.88","10.89","245.99916","null"
"TRACE_after","40.602609","-8.6636603","null","40° 36' 9.39'' N | 8° 39' 49.18'' W","528455.918E 4494698.772N 29T","29TNE 28456 94699","-8.664 40.603","EPSG:4326","13.47","null","2022-06-14 12:04:18","3.88","10.76","246.99939","null"
"TRACE_after","40.6025337","-8.6638989","null","40° 36' 9.12'' N | 8° 39' 50.04'' W","528435.763E 4494690.337N 29T","29TNE 28436 94690","-8.664 40.603","EPSG:4326","13.47","null","2022-06-14 12:04:19","3.88","13.23","243.00069","null"
"TRACE_after","40.6024572","-8.6640924","null","40° 36' 8.85'' N | 8° 39' 50.73'' W","528419.424E 4494681.783N 29T","29TNE 28419 94682","-8.664 40.602","EPSG:4326","13.47","null","2022-06-14 12:04:21","3.88","14.09","239.00179","null"
"TRACE_after","40.6023994","-8.6642104","null","40° 36' 8.64'' N | 8° 39' 51.16'' W","528409.465E 4494675.329N 29T","29TNE 28409 94675","-8.664 40.602","EPSG:4326","13.47","null","2022-06-14 12:04:22","3.88","13.54","237.00157","null"
"TRACE_after","40.6022798","-8.6644308","null","40° 36' 8.21'' N | 8° 39' 51.95'' W","528390.869E 4494661.982N 29T","29TNE 28391 94662","-8.664 40.602","EPSG:4326","13.47","null","2022-06-14 12:04:23","3.88","12.81","227.0791","null"
"TRACE_after","40.6021587","-8.6645598","null","40° 36' 7.77'' N | 8° 39' 52.42'' W","528380.006E 4494648.498N 29T","29TNE 28380 94648","-8.665 40.602","EPSG:4326","13.47","null","2022-06-14 12:04:25","3.88","13.43","207.03043","null"
"TRACE_after","40.6019583","-8.6645863","null","40° 36' 7.05'' N | 8° 39' 52.51'' W","528377.849E 4494626.244N 29T","29TNE 28378 94626","-8.665 40.602","EPSG:4326","13.47","null","2022-06-14 12:04:26","3.86","13.96","173.05157","null"
"TRACE_after","40.601799","-8.6645348","null","40° 36' 6.48'' N | 8° 39' 52.33'' W","528382.273E 4494608.578N 29T","29TNE 28382 94609","-8.665 40.602","EPSG:4326","13.47","null","2022-06-14 12:04:28","3.85","14.07","159.0117","null"
"TRACE_after","40.6016992","-8.6644694","null","40° 36' 6.12'' N | 8° 39' 52.09'' W","528387.849E 4494597.521N 29T","29TNE 28388 94598","-8.664 40.602","EPSG:4326","13.47","null","2022-06-14 12:04:29","3.86","14.56","150.00806","null"
"TRACE_after","40.6015037","-8.6643129","null","40° 36' 5.41'' N | 8° 39' 51.53'' W","528401.172E 4494575.871N 29T","29TNE 28401 94576","-8.664 40.602","EPSG:4326","13.47","null","2022-06-14 12:04:30","3.86","14.29","148.9996","null"
"TRACE_after","40.6013563","-8.6641997","null","40° 36' 4.88'' N | 8° 39' 51.12'' W","528410.812E 4494559.546N 29T","29TNE 28411 94560","-8.664 40.601","EPSG:4326","13.47","null","2022-06-14 12:04:32","3.86","13.78","149.9996","null"
"TRACE_after","40.6012627","-8.664131","null","40° 36' 4.55'' N | 8° 39' 50.87'' W","528416.664E 4494549.178N 29T","29TNE 28417 94549","-8.664 40.601","EPSG:4326","13.47","null","2022-06-14 12:04:33","3.88","13.59","150.00014","null"
"TRACE_after","40.6010979","-8.6640106","null","40° 36' 3.95'' N | 8° 39' 50.44'' W","528426.921E 4494530.924N 29T","29TNE 28427 94531","-8.664 40.601","EPSG:4326","19.03","null","2022-06-14 12:04:34","3.88","10.67","151.00525","null"
"TRACE_after","40.6009128","-8.6638714","null","40° 36' 3.29'' N | 8° 39' 49.94'' W","528438.776E 4494510.422N 29T","29TNE 28439 94510","-8.664 40.601","EPSG:4326","18.02","null","2022-06-14 12:04:38","3.86","7.54","151.00415","null"
"TRACE_after","40.600815","-8.6638217","null","40° 36' 2.93'' N | 8° 39' 49.76'' W","528443.023E 4494499.582N 29T","29TNE 28443 94500","-8.664 40.601","EPSG:4326","18.21","null","2022-06-14 12:04:41","3.85","4.68","182.99713","null"
"TRACE_after","40.600645","-8.6640199","null","40° 36' 2.32'' N | 8° 39' 50.47'' W","528426.326E 4494480.648N 29T","29TNE 28426 94481","-8.664 40.601","EPSG:4326","18.21","null","2022-06-14 12:04:45","3.83","7.42","224.00098","null"
"TRACE_after","40.6004186","-8.6642957","null","40° 36' 1.51'' N | 8° 39' 51.46'' W","528403.087E 4494455.428N 29T","29TNE 28403 94455","-8.664 40.6","EPSG:4326","18.64","null","2022-06-14 12:04:49","3.83","8.97","222.00119","null"
"TRACE_after","40.6001902","-8.6645566","null","40° 36' 0.68'' N | 8° 39' 52.4'' W","528381.109E 4494429.991N 29T","29TNE 28381 94430","-8.665 40.6","EPSG:4326","17.9","null","2022-06-14 12:04:51","3.83","8.73","221.00879","null"
"TRACE_after","40.6001151","-8.6646397","null","40° 36' 0.41'' N | 8° 39' 52.7'' W","528374.11E 4494421.628N 29T","29TNE 28374 94422","-8.665 40.6","EPSG:4326","18.02","null","2022-06-14 12:04:53","3.85","8.52","221.99881","null"
"TRACE_after","40.6000691","-8.6646965","null","40° 36' 0.25'' N | 8° 39' 52.91'' W","528369.324E 4494416.504N 29T","29TNE 28369 94417","-8.665 40.6","EPSG:4326","17.76","null","2022-06-14 12:04:54","3.9","8.27","221.0008","null"
"TRACE_after","40.5999746","-8.6648294","null","40° 35' 59.91'' N | 8° 39' 53.39'' W","528358.119E 4494405.971N 29T","29TNE 28358 94406","-8.665 40.6","EPSG:4326","15.38","null","2022-06-14 12:04:55","3.88","9.44","225.99232","null"
"TRACE_after","40.5998959","-8.6649385","null","40° 35' 59.63'' N | 8° 39' 53.78'' W","528348.922E 4494397.2N 29T","29TNE 28349 94397","-8.665 40.6","EPSG:4326","14.47","null","2022-06-14 12:04:57","3.88","9.88","225.99997","null"
"TRACE_after","40.5998392","-8.6650144","null","40° 35' 59.42'' N | 8° 39' 54.05'' W","528342.524E 4494390.882N 29T","29TNE 28343 94391","-8.665 40.6","EPSG:4326","14.04","null","2022-06-14 12:04:58","3.88","10.22","225.00075","null"
"TRACE_after","40.5997514","-8.6651376","null","40° 35' 59.11'' N | 8° 39' 54.5'' W","528332.137E 4494381.096N 29T","29TNE 28332 94381","-8.665 40.6","EPSG:4326","13.19","null","2022-06-14 12:04:59","3.88","6.69","233.91017","null"
"TRACE_after","40.5997101","-8.66524","null","40° 35' 58.96'' N | 8° 39' 54.86'' W","528323.491E 4494376.479N 29T","29TNE 28323 94376","-8.665 40.6","EPSG:4326","13.72","null","2022-06-14 12:05:01","3.88","7.32","247.0877","null"
"TRACE_after","40.5997222","-8.6653309","null","40° 35' 59.0'' N | 8° 39' 55.19'' W","528315.795E 4494377.793N 29T","29TNE 28316 94378","-8.665 40.6","EPSG:4326","12.79","null","2022-06-14 12:05:02","3.88","8.44","283.02267","null"
"TRACE_after","40.5997243","-8.6655099","null","40° 35' 59.01'' N | 8° 39' 55.84'' W","528300.649E 4494377.968N 29T","29TNE 28301 94378","-8.666 40.6","EPSG:4326","11.78","null","2022-06-14 12:05:04","3.88","8.5","250.18945","null"
"TRACE_after","40.5996726","-8.66562","null","40° 35' 58.82'' N | 8° 39' 56.23'' W","528291.355E 4494372.194N 29T","29TNE 28291 94372","-8.666 40.6","EPSG:4326","11.57","null","2022-06-14 12:05:06","3.88","8.33","217.48729","null"
"TRACE_after","40.5996108","-8.6656533","null","40° 35' 58.6'' N | 8° 39' 56.35'' W","528288.564E 4494365.324N 29T","29TNE 28289 94365","-8.666 40.6","EPSG:4326","11.53","null","2022-06-14 12:05:07","3.88","8.48","197.5016","null"
"TRACE_after","40.5994255","-8.6656337","null","40° 35' 57.93'' N | 8° 39' 56.28'' W","528290.3E 4494344.761N 29T","29TNE 28290 94345","-8.666 40.599","EPSG:4326","11.26","null","2022-06-14 12:05:08","3.86","6.75","170.99782","null"
"TRACE_after","40.5993632","-8.6656269","null","40° 35' 57.71'' N | 8° 39' 56.26'' W","528290.902E 4494337.848N 29T","29TNE 28291 94338","-8.666 40.599","EPSG:4326","11.08","null","2022-06-14 12:05:09","3.86","3.13","174.0064","null"
"TRACE_after","40.5993341","-8.6656227","null","40° 35' 57.6'' N | 8° 39' 56.24'' W","528291.27E 4494334.619N 29T","29TNE 28291 94335","-8.666 40.599","EPSG:4326","11.33","null","2022-06-14 12:05:12","3.9","0.52","173.02419","null"
"TRACE_after","40.5993342","-8.665622","null","40° 35' 57.6'' N | 8° 39' 56.24'' W","528291.329E 4494334.63N 29T","29TNE 28291 94335","-8.666 40.599","EPSG:4326","11.65","null","2022-06-14 12:05:13","3.9","0.7","172.90987","null"
"TRACE_after","40.5993302","-8.6656205","null","40° 35' 57.59'' N | 8° 39' 56.23'' W","528291.457E 4494334.187N 29T","29TNE 28291 94334","-8.666 40.599","EPSG:4326","12.14","null","2022-06-14 12:05:14","3.86","0.7","172.85973","null"
"TRACE_after","40.5993092","-8.6656193","null","40° 35' 57.51'' N | 8° 39' 56.23'' W","528291.568E 4494331.856N 29T","29TNE 28292 94332","-8.666 40.599","EPSG:4326","12.16","null","2022-06-14 12:05:15","3.86","3.44","175.986","null"
"TRACE_after","40.5992563","-8.6656222","null","40° 35' 57.32'' N | 8° 39' 56.24'' W","528291.345E 4494325.983N 29T","29TNE 28291 94326","-8.666 40.599","EPSG:4326","11.77","null","2022-06-14 12:05:16","3.87","4.75","183.97253","null"
"TRACE_after","40.5992173","-8.6656259","null","40° 35' 57.18'' N | 8° 39' 56.25'' W","528291.048E 4494321.653N 29T","29TNE 28291 94322","-8.666 40.599","EPSG:4326","11.77","null","2022-06-14 12:05:17","3.87","5.14","185.99545","null"
"TRACE_after","40.599171","-8.6656363","null","40° 35' 57.02'' N | 8° 39' 56.29'' W","528290.188E 4494316.51N 29T","29TNE 28290 94317","-8.666 40.599","EPSG:4326","11.77","null","2022-06-14 12:05:18","3.9","5.46","186.00136","null"
"TRACE_after","40.5991139","-8.6656475","null","40° 35' 56.81'' N | 8° 39' 56.33'' W","528289.264E 4494310.168N 29T","29TNE 28289 94310","-8.666 40.599","EPSG:4326","11.77","null","2022-06-14 12:05:19","3.9","6.99","183.0033","null"
"TRACE_after","40.5990435","-8.6656596","null","40° 35' 56.56'' N | 8° 39' 56.37'' W","528288.27E 4494302.35N 29T","29TNE 28288 94302","-8.666 40.599","EPSG:4326","11.77","null","2022-06-14 12:05:20","3.9","8.08","188.96584","null"
"TRACE_after","40.5989572","-8.6656661","null","40° 35' 56.25'' N | 8° 39' 56.4'' W","528287.756E 4494292.769N 29T","29TNE 28288 94293","-8.666 40.599","EPSG:4326","11.77","null","2022-06-14 12:05:21","3.9","10.62","183.01021","null"
"TRACE_after","40.5988607","-8.6656695","null","40° 35' 55.9'' N | 8° 39' 56.41'' W","528287.509E 4494282.056N 29T","29TNE 28288 94282","-8.666 40.599","EPSG:4326","11.77","null","2022-06-14 12:05:22","3.9","11.06","182.0004","null"
"TRACE_after","40.5987622","-8.6656698","null","40° 35' 55.54'' N | 8° 39' 56.41'' W","528287.526E 4494271.122N 29T","29TNE 28288 94271","-8.666 40.599","EPSG:4326","11.77","null","2022-06-14 12:05:23","3.9","11.08","178.00285","null"
"TRACE_after","40.5986564","-8.6656592","null","40° 35' 55.16'' N | 8° 39' 56.37'' W","528288.467E 4494259.381N 29T","29TNE 28288 94259","-8.666 40.599","EPSG:4326","11.77","null","2022-06-14 12:05:24","3.9","12.22","174.00186","null"
"TRACE_after","40.5985442","-8.6656378","null","40° 35' 54.76'' N | 8° 39' 56.3'' W","528290.325E 4494246.934N 29T","29TNE 28290 94247","-8.666 40.599","EPSG:4326","11.77","null","2022-06-14 12:05:25","3.9","12.63","169.0035","null"
"TRACE_after","40.5984343","-8.6656054","null","40° 35' 54.36'' N | 8° 39' 56.18'' W","528293.113E 4494234.745N 29T","29TNE 28293 94235","-8.666 40.598","EPSG:4326","11.77","null","2022-06-14 12:05:26","3.9","12.54","165.00438","null"
"TRACE_after","40.5982144","-8.6655082","null","40° 35' 53.57'' N | 8° 39' 55.83'' W","528301.43E 4494210.367N 29T","29TNE 28301 94210","-8.666 40.598","EPSG:4326","11.77","null","2022-06-14 12:05:29","3.88","12.11","157.00175","null"
"TRACE_after","40.5980684","-8.6654152","null","40° 35' 53.05'' N | 8° 39' 55.49'' W","528309.36E 4494194.191N 29T","29TNE 28309 94194","-8.665 40.598","EPSG:4326","11.77","null","2022-06-14 12:05:30","3.86","9.88","151.00728","null"
"TRACE_after","40.5979853","-8.6653539","null","40° 35' 52.75'' N | 8° 39' 55.27'' W","528314.582E 4494184.986N 29T","29TNE 28315 94185","-8.665 40.598","EPSG:4326","11.77","null","2022-06-14 12:05:31","3.86","9.58","147.00536","null"
"TRACE_after","40.5979127","-8.6653025","null","40° 35' 52.49'' N | 8° 39' 55.09'' W","528318.961E 4494176.944N 29T","29TNE 28319 94177","-8.665 40.598","EPSG:4326","11.77","null","2022-06-14 12:05:32","3.88","8.09","150.96933","null"
"TRACE_after","40.5978512","-8.6652603","null","40° 35' 52.26'' N | 8° 39' 54.94'' W","528322.558E 4494170.131N 29T","29TNE 28323 94170","-8.665 40.598","EPSG:4326","11.77","null","2022-06-14 12:05:33","3.85","2.93","155.00365","null"
"TRACE_after","40.5978139","-8.6652353","null","40° 35' 52.13'' N | 8° 39' 54.85'' W","528324.689E 4494165.998N 29T","29TNE 28325 94166","-8.665 40.598","EPSG:4326","11.77","null","2022-06-14 12:05:34","3.85","4.32","156.97972","null"
"TRACE_after","40.597774","-8.665204","null","40° 35' 51.99'' N | 8° 39' 54.73'' W","528327.354E 4494161.579N 29T","29TNE 28327 94162","-8.665 40.598","EPSG:4326","11.77","null","2022-06-14 12:05:35","3.87","5.05","155.9981","null"
"TRACE_after","40.5977292","-8.6651747","null","40° 35' 51.83'' N | 8° 39' 54.63'' W","528329.852E 4494156.616N 29T","29TNE 28330 94157","-8.665 40.598","EPSG:4326","11.77","null","2022-06-14 12:05:36","3.87","5.84","154.99922","null"
"TRACE_after","40.5976804","-8.6651424","null","40° 35' 51.65'' N | 8° 39' 54.51'' W","528332.605E 4494151.21N 29T","29TNE 28333 94151","-8.665 40.598","EPSG:4326","11.77","null","2022-06-14 12:05:37","3.87","6.49","158.98839","null"
"TRACE_after","40.5976199","-8.6651321","null","40° 35' 51.43'' N | 8° 39' 54.48'' W","528333.503E 4494144.497N 29T","29TNE 28334 94144","-8.665 40.598","EPSG:4326","11.77","null","2022-06-14 12:05:38","3.88","6.75","179.9873","null"
"TRACE_after","40.5975627","-8.6651544","null","40° 35' 51.23'' N | 8° 39' 54.56'' W","528331.64E 4494138.141N 29T","29TNE 28332 94138","-8.665 40.598","EPSG:4326","11.77","null","2022-06-14 12:05:39","3.9","6.83","208.97829","null"
"TRACE_after","40.5975199","-8.6652113","null","40° 35' 51.07'' N | 8° 39' 54.76'' W","528326.844E 4494133.372N 29T","29TNE 28327 94133","-8.665 40.598","EPSG:4326","11.77","null","2022-06-14 12:05:40","3.9","6.88","234.96544","null"
"TRACE_after","40.5974842","-8.6652885","null","40° 35' 50.94'' N | 8° 39' 55.04'' W","528320.327E 4494129.384N 29T","29TNE 28320 94129","-8.665 40.597","EPSG:4326","11.77","null","2022-06-14 12:05:41","3.9","8.7","239.99017","null"
"TRACE_after","40.5974386","-8.6653856","null","40° 35' 50.78'' N | 8° 39' 55.39'' W","528312.13E 4494124.291N 29T","29TNE 28312 94124","-8.665 40.597","EPSG:4326","11.77","null","2022-06-14 12:05:42","3.9","10.69","237.0018","null"
"TRACE_after","40.5973855","-8.6654969","null","40° 35' 50.59'' N | 8° 39' 55.79'' W","528302.735E 4494118.361N 29T","29TNE 28303 94118","-8.665 40.597","EPSG:4326","11.77","null","2022-06-14 12:05:43","3.9","11.32","236.99858","null"
"TRACE_after","40.5973324","-8.6656082","null","40° 35' 50.4'' N | 8° 39' 56.19'' W","528293.34E 4494112.431N 29T","29TNE 28293 94112","-8.666 40.597","EPSG:4326","11.77","null","2022-06-14 12:05:44","3.9","11.42","236.99805","null"
"TRACE_after","40.5972736","-8.6657284","null","40° 35' 50.18'' N | 8° 39' 56.62'' W","528283.195E 4494105.865N 29T","29TNE 28283 94106","-8.666 40.597","EPSG:4326","11.77","null","2022-06-14 12:05:45","3.9","12.81","236.00018","null"
"TRACE_after","40.597211","-8.6658505","null","40° 35' 49.96'' N | 8° 39' 57.06'' W","528272.89E 4494098.878N 29T","29TNE 28273 94099","-8.666 40.597","EPSG:4326","11.77","null","2022-06-14 12:05:46","3.9","12.21","236.0048","null"
"TRACE_after","40.5971534","-8.6659597","null","40° 35' 49.75'' N | 8° 39' 57.45'' W","528263.675E 4494092.449N 29T","29TNE 28264 94092","-8.666 40.597","EPSG:4326","11.77","null","2022-06-14 12:05:47","3.9","10.42","237.0009","null"
"TRACE_after","40.5971024","-8.6660554","null","40° 35' 49.57'' N | 8° 39' 57.8'' W","528255.599E 4494086.757N 29T","29TNE 28256 94087","-8.666 40.597","EPSG:4326","11.77","null","2022-06-14 12:05:48","3.9","9.58","234.06812","null"
"TRACE_after","40.597052","-8.6661484","null","40° 35' 49.39'' N | 8° 39' 58.13'' W","528247.751E 4494081.133N 29T","29TNE 28248 94081","-8.666 40.597","EPSG:4326","11.77","null","2022-06-14 12:05:49","3.9","9.44","235.91512","null"
"TRACE_after","40.597005","-8.6662359","null","40° 35' 49.22'' N | 8° 39' 58.45'' W","528240.367E 4494075.887N 29T","29TNE 28240 94076","-8.666 40.597","EPSG:4326","11.77","null","2022-06-14 12:05:50","3.9","8.56","235.02155","null"
"TRACE_after","40.5969629","-8.666321","null","40° 35' 49.07'' N | 8° 39' 58.76'' W","528233.185E 4494071.187N 29T","29TNE 28233 94071","-8.666 40.597","EPSG:4326","11.77","null","2022-06-14 12:05:51","3.9","7.95","235.99916","null"
"TRACE_after","40.5969256","-8.6663932","null","40° 35' 48.93'' N | 8° 39' 59.02'' W","528227.091E 4494067.023N 29T","29TNE 28227 94067","-8.666 40.597","EPSG:4326","11.77","null","2022-06-14 12:05:52","3.9","6.77","235.01097","null"
"TRACE_after","40.5968986","-8.6664515","null","40° 35' 48.83'' N | 8° 39' 59.23'' W","528222.17E 4494064.008N 29T","29TNE 28222 94064","-8.666 40.597","EPSG:4326","11.77","null","2022-06-14 12:05:53","3.9","4.99","236.00276","null"
"TRACE_after","40.5968791","-8.6664888","null","40° 35' 48.76'' N | 8° 39' 59.36'' W","528219.022E 4494061.831N 29T","29TNE 28219 94062","-8.666 40.597","EPSG:4326","11.77","null","2022-06-14 12:05:54","3.9","2.63","234.20743","null"
"TRACE_after","40.596876","-8.6664975","null","40° 35' 48.75'' N | 8° 39' 59.39'' W","528218.287E 4494061.484N 29T","29TNE 28218 94061","-8.666 40.597","EPSG:4326","11.77","null","2022-06-14 12:05:55","3.9","0.68","238.24191","null"
"TRACE_after","40.5968716","-8.6665138","null","40° 35' 48.74'' N | 8° 39' 59.45'' W","528216.91E 4494060.991N 29T","29TNE 28217 94061","-8.667 40.597","EPSG:4326","11.77","null","2022-06-14 12:05:56","3.9","0.68","238.01163","null"
"TRACE_after","40.5968666","-8.6665291","null","40° 35' 48.72'' N | 8° 39' 59.5'' W","528215.617E 4494060.431N 29T","29TNE 28216 94060","-8.667 40.597","EPSG:4326","11.77","null","2022-06-14 12:05:57","3.9","0.85","237.9211","null"
"TRACE_after","40.5968631","-8.6665419","null","40° 35' 48.71'' N | 8° 39' 59.55'' W","528214.536E 4494060.038N 29T","29TNE 28215 94060","-8.667 40.597","EPSG:4326","11.77","null","2022-06-14 12:05:58","3.9","0.96","237.91368","null"
"TRACE_after","40.5968649","-8.6665513","null","40° 35' 48.71'' N | 8° 39' 59.58'' W","528213.74E 4494060.235N 29T","29TNE 28214 94060","-8.667 40.597","EPSG:4326","11.77","null","2022-06-14 12:05:59","3.9","1.1","237.76016","null"
"TRACE_after","40.5968761","-8.6665695","null","40° 35' 48.75'' N | 8° 39' 59.65'' W","528212.195E 4494061.472N 29T","29TNE 28212 94061","-8.667 40.597","EPSG:4326","15.67","null","2022-06-14 12:06:00","3.9","2.56","307.47748","null"
"TRACE_after","40.5968936","-8.6665795","null","40° 35' 48.82'' N | 8° 39' 59.69'' W","528211.342E 4494063.412N 29T","29TNE 28211 94063","-8.667 40.597","EPSG:4326","15.67","null","2022-06-14 12:06:01","3.9","3.15","324.66763","null"
"TRACE_after","40.5969266","-8.6665984","null","40° 35' 48.94'' N | 8° 39' 59.75'' W","528209.729E 4494067.069N 29T","29TNE 28210 94067","-8.667 40.597","EPSG:4326","15.67","null","2022-06-14 12:06:02","3.9","4.21","332.8644","null"
"TRACE_after","40.5969598","-8.6666197","null","40° 35' 49.06'' N | 8° 39' 59.83'' W","528207.912E 4494070.747N 29T","29TNE 28208 94071","-8.667 40.597","EPSG:4326","15.67","null","2022-06-14 12:06:03","3.9","4.47","330.50702","null"
"TRACE_after","40.5970095","-8.6666565","null","40° 35' 49.23'' N | 8° 39' 59.96'' W","528204.778E 4494076.252N 29T","29TNE 28205 94076","-8.667 40.597","EPSG:4326","15.67","null","2022-06-14 12:06:04","3.9","5.54","327.98175","null"
"TRACE_after","40.5970585","-8.6666908","null","40° 35' 49.41'' N | 8° 40' 0.09'' W","528201.855E 4494081.68N 29T","29TNE 28202 94082","-8.667 40.597","EPSG:4326","15.67","null","2022-06-14 12:06:05","3.9","5.33","330.9896","null"
"TRACE_after","40.5971073","-8.6667239","null","40° 35' 49.59'' N | 8° 40' 0.21'' W","528199.034E 4494087.087N 29T","29TNE 28199 94087","-8.667 40.597","EPSG:4326","15.67","null","2022-06-14 12:06:06","3.9","5.85","328.0902","null"
"TRACE_after","40.5971584","-8.6667621","null","40° 35' 49.77'' N | 8° 40' 0.34'' W","528195.78E 4494092.747N 29T","29TNE 28196 94093","-8.667 40.597","EPSG:4326","15.67","null","2022-06-14 12:06:07","3.9","6.42","329.97516","null"
"TRACE_after","40.5972128","-8.6668015","null","40° 35' 49.97'' N | 8° 40' 0.49'' W","528192.424E 4494098.772N 29T","29TNE 28192 94099","-8.667 40.597","EPSG:4326","15.67","null","2022-06-14 12:06:08","3.9","6.89","329.99884","null"
"TRACE_after","40.5972691","-8.666842","null","40° 35' 50.17'' N | 8° 40' 0.63'' W","528188.973E 4494105.009N 29T","29TNE 28189 94105","-8.667 40.597","EPSG:4326","15.67","null","2022-06-14 12:06:09","3.9","7.02","332.99615","null"
"TRACE_after","40.5973279","-8.6668791","null","40° 35' 50.38'' N | 8° 40' 0.76'' W","528185.809E 4494111.524N 29T","29TNE 28186 94112","-8.667 40.597","EPSG:4326","15.67","null","2022-06-14 12:06:10","3.9","7.0","336.98953","null"
"TRACE_after","40.5973854","-8.6669127","null","40° 35' 50.59'' N | 8° 40' 0.89'' W","528182.942E 4494117.896N 29T","29TNE 28183 94118","-8.667 40.597","EPSG:4326","15.67","null","2022-06-14 12:06:11","3.9","7.0","336.99997","null"
"TRACE_after","40.5974399","-8.666945","null","40° 35' 50.78'' N | 8° 40' 1.0'' W","528180.187E 4494123.935N 29T","29TNE 28180 94124","-8.667 40.597","EPSG:4326","15.67","null","2022-06-14 12:06:12","3.9","7.14","340.99496","null"
"TRACE_after","40.5974974","-8.66698","null","40° 35' 50.99'' N | 8° 40' 1.13'' W","528177.201E 4494130.306N 29T","29TNE 28177 94130","-8.667 40.597","EPSG:4326","15.67","null","2022-06-14 12:06:13","3.9","6.95","336.01096","null"
"TRACE_after","40.5975499","-8.6670107","null","40° 35' 51.18'' N | 8° 40' 1.24'' W","528174.581E 4494136.124N 29T","29TNE 28175 94136","-8.667 40.598","EPSG:4326","15.67","null","2022-06-14 12:06:14","3.88","6.54","335.00433","null"
"TRACE_after","40.5976039","-8.6670383","null","40° 35' 51.37'' N | 8° 40' 1.34'' W","528172.223E 4494142.109N 29T","29TNE 28172 94142","-8.667 40.598","EPSG:4326","15.67","null","2022-06-14 12:06:15","3.88","5.58","335.00482","null"
"TRACE_after","40.5976464","-8.6670648","null","40° 35' 51.53'' N | 8° 40' 1.43'' W","528169.963E 4494146.819N 29T","29TNE 28170 94147","-8.667 40.598","EPSG:4326","15.67","null","2022-06-14 12:06:16","3.88","4.65","328.08273","null"
"TRACE_after","40.5976759","-8.6670783","null","40° 35' 51.63'' N | 8° 40' 1.48'' W","528168.809E 4494150.089N 29T","29TNE 28169 94150","-8.667 40.598","EPSG:4326","15.67","null","2022-06-14 12:06:17","3.89","4.46","333.8937","null"
"TRACE_after","40.5977173","-8.6670968","null","40° 35' 51.78'' N | 8° 40' 1.55'' W","528167.226E 4494154.678N 29T","29TNE 28167 94155","-8.667 40.598","EPSG:4326","15.67","null","2022-06-14 12:06:18","3.89","3.88","336.00537","null"
"TRACE_after","40.5977457","-8.6671143","null","40° 35' 51.88'' N | 8° 40' 1.61'' W","528165.734E 4494157.825N 29T","29TNE 28166 94158","-8.667 40.598","EPSG:4326","15.67","null","2022-06-14 12:06:19","3.89","2.08","330.22812","null"
"TRACE_after","40.5977634","-8.6671251","null","40° 35' 51.95'' N | 8° 40' 1.65'' W","528164.812E 4494159.787N 29T","29TNE 28165 94160","-8.667 40.598","EPSG:4326","15.67","null","2022-06-14 12:06:20","3.9","2.01","335.56195","null"
"TRACE_after","40.5977769","-8.6671278","null","40° 35' 52.0'' N | 8° 40' 1.66'' W","528164.578E 4494161.284N 29T","29TNE 28165 94161","-8.667 40.598","EPSG:4326","15.67","null","2022-06-14 12:06:21","3.9","1.32","349.8198","null"
"TRACE_after","40.5977865","-8.6671274","null","40° 35' 52.03'' N | 8° 40' 1.66'' W","528164.608E 4494162.35N 29T","29TNE 28165 94162","-8.667 40.598","EPSG:4326","15.67","null","2022-06-14 12:06:22","3.9","1.26","0.82421005","null"
"TRACE_after","40.5977931","-8.6671322","null","40° 35' 52.06'' N | 8° 40' 1.68'' W","528164.199E 4494163.081N 29T","29TNE 28164 94163","-8.667 40.598","EPSG:4326","14.37","null","2022-06-14 12:06:23","3.9","0.8","350.26697","null"
"TRACE_after","40.5977936","-8.6671371","null","40° 35' 52.06'' N | 8° 40' 1.69'' W","528163.784E 4494163.135N 29T","29TNE 28164 94163","-8.667 40.598","EPSG:4326","14.37","null","2022-06-14 12:06:24","3.9","0.5","349.30945","null"
"TRACE_after","40.5977912","-8.6671394","null","40° 35' 52.05'' N | 8° 40' 1.7'' W","528163.591E 4494162.868N 29T","29TNE 28164 94163","-8.667 40.598","EPSG:4326","14.37","null","2022-06-14 12:06:25","3.9","0.19","349.78458","null"
"TRACE_after","40.5977894","-8.6671417","null","40° 35' 52.04'' N | 8° 40' 1.71'' W","528163.397E 4494162.667N 29T","29TNE 28163 94163","-8.667 40.598","EPSG:4326","14.37","null","2022-06-14 12:06:26","3.9","0.18","348.492","null"
"TRACE_after","40.5977868","-8.6671434","null","40° 35' 52.03'' N | 8° 40' 1.72'' W","528163.254E 4494162.378N 29T","29TNE 28163 94162","-8.667 40.598","EPSG:4326","14.37","null","2022-06-14 12:06:27","3.9","0.02","211.27605","null"
"TRACE_after","40.597788","-8.6671455","null","40° 35' 52.04'' N | 8° 40' 1.72'' W","528163.076E 4494162.511N 29T","29TNE 28163 94163","-8.667 40.598","EPSG:4326","14.37","null","2022-06-14 12:06:28","3.9","0.31","348.84125","null"
"TRACE_after","40.5977888","-8.667154","null","40° 35' 52.04'' N | 8° 40' 1.75'' W","528162.356E 4494162.597N 29T","29TNE 28162 94163","-8.667 40.598","EPSG:4326","14.37","null","2022-06-14 12:06:29","3.9","0.71","320.09488","null"
"TRACE_after","40.597791","-8.6671652","null","40° 35' 52.05'' N | 8° 40' 1.79'' W","528161.408E 4494162.837N 29T","29TNE 28161 94163","-8.667 40.598","EPSG:4326","14.37","null","2022-06-14 12:06:30","3.9","0.65","320.00638","null"
"TRACE_after","40.5977933","-8.6671758","null","40° 35' 52.06'' N | 8° 40' 1.83'' W","528160.51E 4494163.089N 29T","29TNE 28161 94163","-8.667 40.598","EPSG:4326","14.37","null","2022-06-14 12:06:31","3.9","0.6","319.99292","null"
"TRACE_after","40.5977907","-8.6671867","null","40° 35' 52.05'' N | 8° 40' 1.87'' W","528159.589E 4494162.797N 29T","29TNE 28160 94163","-8.667 40.598","EPSG:4326","14.07","null","2022-06-14 12:06:32","4.34","0.58","305.1426","null"
"TRACE_after","40.5977873","-8.6671927","null","40° 35' 52.03'' N | 8° 40' 1.89'' W","528159.083E 4494162.418N 29T","29TNE 28159 94162","-8.667 40.598","EPSG:4326","14.07","null","2022-06-14 12:06:33","4.34","0.49","269.6444","null"
"TRACE_after","40.5977852","-8.6671946","null","40° 35' 52.03'' N | 8° 40' 1.9'' W","528158.923E 4494162.184N 29T","29TNE 28159 94162","-8.667 40.598","EPSG:4326","14.07","null","2022-06-14 12:06:34","4.41","0.33","246.45216","null"
"TRACE_after","40.597787","-8.6671913","null","40° 35' 52.03'' N | 8° 40' 1.89'' W","528159.201E 4494162.385N 29T","29TNE 28159 94162","-8.667 40.598","EPSG:4326","14.07","null","2022-06-14 12:06:35","4.41","0.06","27.640676","null"
"TRACE_after","40.5977905","-8.667185","null","40° 35' 52.05'' N | 8° 40' 1.87'' W","528159.733E 4494162.776N 29T","29TNE 28160 94163","-8.667 40.598","EPSG:4326","14.07","null","2022-06-14 12:06:36","4.34","0.41","320.5162","null"
"TRACE_after","40.5977936","-8.6671791","null","40° 35' 52.06'' N | 8° 40' 1.84'' W","528160.231E 4494163.122N 29T","29TNE 28160 94163","-8.667 40.598","EPSG:4326","14.07","null","2022-06-14 12:06:37","3.9","0.34","320.061","null"
"TRACE_after","40.5977935","-8.6671724","null","40° 35' 52.06'' N | 8° 40' 1.82'' W","528160.798E 4494163.113N 29T","29TNE 28161 94163","-8.667 40.598","EPSG:4326","14.27","null","2022-06-14 12:06:38","3.9","0.4","319.9858","null"
"TRACE_after","40.5977912","-8.6671684","null","40° 35' 52.05'' N | 8° 40' 1.81'' W","528161.137E 4494162.859N 29T","29TNE 28161 94163","-8.667 40.598","EPSG:4326","14.27","null","2022-06-14 12:06:39","3.9","0.43","171.62589","null"
"TRACE_after","40.5977861","-8.6671638","null","40° 35' 52.03'' N | 8° 40' 1.79'' W","528161.528E 4494162.294N 29T","29TNE 28162 94162","-8.667 40.598","EPSG:4326","14.27","null","2022-06-14 12:06:40","3.9","0.43","171.66336","null"
"TRACE_after","40.5977841","-8.6671602","null","40° 35' 52.02'' N | 8° 40' 1.78'' W","528161.834E 4494162.073N 29T","29TNE 28162 94162","-8.667 40.598","EPSG:4326","14.27","null","2022-06-14 12:06:41","3.9","0.18","172.13004","null"
"TRACE_after","40.5977835","-8.6671572","null","40° 35' 52.02'' N | 8° 40' 1.77'' W","528162.088E 4494162.007N 29T","29TNE 28162 94162","-8.667 40.598","EPSG:4326","14.27","null","2022-06-14 12:06:42","3.9","0.19","171.98692","null"
"TRACE_after","40.5977817","-8.6671556","null","40° 35' 52.01'' N | 8° 40' 1.76'' W","528162.224E 4494161.808N 29T","29TNE 28162 94162","-8.667 40.598","EPSG:4326","14.27","null","2022-06-14 12:06:43","3.9","0.21","171.9849","null"
"TRACE_after","40.5977802","-8.6671556","null","40° 35' 52.01'' N | 8° 40' 1.76'' W","528162.225E 4494161.642N 29T","29TNE 28162 94162","-8.667 40.598","EPSG:4326","14.27","null","2022-06-14 12:06:44","3.9","0.21","171.94817","null"
"TRACE_after","40.5977775","-8.6671559","null","40° 35' 52.0'' N | 8° 40' 1.76'' W","528162.2E 4494161.342N 29T","29TNE 28162 94161","-8.667 40.598","EPSG:4326","14.27","null","2022-06-14 12:06:45","3.9","0.32","171.97205","null"
"TRACE_after","40.597774","-8.6671548","null","40° 35' 51.99'' N | 8° 40' 1.76'' W","528162.295E 4494160.954N 29T","29TNE 28162 94161","-8.667 40.598","EPSG:4326","14.27","null","2022-06-14 12:06:46","3.9","0.37","172.96999","null"
"TRACE_after","40.5977699","-8.6671534","null","40° 35' 51.97'' N | 8° 40' 1.75'' W","528162.415E 4494160.499N 29T","29TNE 28162 94160","-8.667 40.598","EPSG:4326","14.37","null","2022-06-14 12:06:47","3.9","0.34","172.39499","null"
"TRACE_after","40.5977697","-8.6671525","null","40° 35' 51.97'' N | 8° 40' 1.75'' W","528162.491E 4494160.477N 29T","29TNE 28162 94160","-8.667 40.598","EPSG:4326","14.37","null","2022-06-14 12:06:48","3.9","0.16","171.93462","null"
"TRACE_after","40.5977678","-8.6671566","null","40° 35' 51.96'' N | 8° 40' 1.76'' W","528162.145E 4494160.265N 29T","29TNE 28162 94160","-8.667 40.598","EPSG:4326","14.37","null","2022-06-14 12:06:49","3.9","0.16","172.1324","null"
"TRACE_after","40.5977662","-8.6671603","null","40° 35' 51.96'' N | 8° 40' 1.78'' W","528161.833E 4494160.086N 29T","29TNE 28162 94160","-8.667 40.598","EPSG:4326","14.37","null","2022-06-14 12:06:50","3.9","0.16","172.03848","null"
"TRACE_after","40.5977649","-8.6671626","null","40° 35' 51.95'' N | 8° 40' 1.79'' W","528161.639E 4494159.941N 29T","29TNE 28162 94160","-8.667 40.598","EPSG:4326","14.37","null","2022-06-14 12:06:51","3.9","0.16","172.09042","null"
"TRACE_after","40.5977636","-8.6671646","null","40° 35' 51.95'' N | 8° 40' 1.79'' W","528161.47E 4494159.796N 29T","29TNE 28161 94160","-8.667 40.598","EPSG:4326","14.37","null","2022-06-14 12:06:52","3.9","0.17","204.31479","null"
"TRACE_after","40.5977629","-8.6671674","null","40° 35' 51.95'' N | 8° 40' 1.8'' W","528161.233E 4494159.718N 29T","29TNE 28161 94160","-8.667 40.598","EPSG:4326","14.37","null","2022-06-14 12:06:53","3.9","0.14","236.80655","null"
"TRACE_after","40.5977629","-8.6671677","null","40° 35' 51.95'' N | 8° 40' 1.8'' W","528161.208E 4494159.717N 29T","29TNE 28161 94160","-8.667 40.598","EPSG:4326","14.37","null","2022-06-14 12:06:54","3.9","0.07","246.59407","null"
"TRACE_after","40.5977623","-8.6671686","null","40° 35' 51.94'' N | 8° 40' 1.81'' W","528161.132E 4494159.651N 29T","29TNE 28161 94160","-8.667 40.598","EPSG:4326","14.37","null","2022-06-14 12:06:55","3.9","0.08","231.46971","null"
"TRACE_after","40.5977615","-8.6671708","null","40° 35' 51.94'' N | 8° 40' 1.81'' W","528160.946E 4494159.561N 29T","29TNE 28161 94160","-8.667 40.598","EPSG:4326","14.37","null","2022-06-14 12:06:56","3.9","0.15","243.12906","null"
"TRACE_after","40.5977612","-8.6671725","null","40° 35' 51.94'' N | 8° 40' 1.82'' W","528160.803E 4494159.527N 29T","29TNE 28161 94160","-8.667 40.598","EPSG:4326","14.37","null","2022-06-14 12:06:57","3.9","0.15","250.25682","null"
"TRACE_after","40.5977614","-8.6671731","null","40° 35' 51.94'' N | 8° 40' 1.82'' W","528160.752E 4494159.549N 29T","29TNE 28161 94160","-8.667 40.598","EPSG:4326","14.37","null","2022-06-14 12:06:58","3.9","0.07","264.7775","null"
"TRACE_after","40.5977601","-8.6671737","null","40° 35' 51.94'' N | 8° 40' 1.83'' W","528160.702E 4494159.405N 29T","29TNE 28161 94159","-8.667 40.598","EPSG:4326","14.37","null","2022-06-14 12:06:59","3.9","0.15","170.91687","null"
"TRACE_after","40.5977611","-8.6671745","null","40° 35' 51.94'' N | 8° 40' 1.83'' W","528160.633E 4494159.515N 29T","29TNE 28161 94160","-8.667 40.598","EPSG:4326","14.37","null","2022-06-14 12:07:00","3.9","0.13","169.43956","null"
"TRACE_after","40.5977617","-8.6671789","null","40° 35' 51.94'' N | 8° 40' 1.84'' W","528160.261E 4494159.581N 29T","29TNE 28160 94160","-8.667 40.598","EPSG:4326","14.37","null","2022-06-14 12:07:01","3.9","0.1","185.28363","null"
"TRACE_after","40.5977625","-8.6671859","null","40° 35' 51.95'' N | 8° 40' 1.87'' W","528159.668E 4494159.667N 29T","29TNE 28160 94160","-8.667 40.598","EPSG:4326","14.37","null","2022-06-14 12:07:02","3.9","0.1","216.98354","null"
"TRACE_after","40.5977631","-8.6671898","null","40° 35' 51.95'' N | 8° 40' 1.88'' W","528159.338E 4494159.733N 29T","29TNE 28159 94160","-8.667 40.598","EPSG:4326","14.07","null","2022-06-14 12:07:03","4.76","0.13","264.68298","null"
"TRACE_after","40.5977621","-8.6671916","null","40° 35' 51.94'' N | 8° 40' 1.89'' W","528159.186E 4494159.621N 29T","29TNE 28159 94160","-8.667 40.598","EPSG:4326","14.07","null","2022-06-14 12:07:04","5.91","0.15","245.56093","null"
"TRACE_after","40.5977592","-8.6671932","null","40° 35' 51.93'' N | 8° 40' 1.9'' W","528159.052E 4494159.299N 29T","29TNE 28159 94159","-8.667 40.598","EPSG:4326","14.07","null","2022-06-14 12:07:05","6.49","0.23","216.33177","null"
"TRACE_after","40.5977573","-8.6671972","null","40° 35' 51.93'' N | 8° 40' 1.91'' W","528158.714E 4494159.086N 29T","29TNE 28159 94159","-8.667 40.598","EPSG:4326","14.07","null","2022-06-14 12:07:06","7.92","0.31","229.22108","null"
"TRACE_after","40.5977567","-8.6671992","null","40° 35' 51.92'' N | 8° 40' 1.92'' W","528158.545E 4494159.019N 29T","29TNE 28159 94159","-8.667 40.598","EPSG:4326","14.27","null","2022-06-14 12:07:07","9.07","0.02","243.1359","null"
"TRACE_after","40.5977554","-8.6672015","null","40° 35' 51.92'' N | 8° 40' 1.93'' W","528158.351E 4494158.874N 29T","29TNE 28158 94159","-8.667 40.598","EPSG:4326","14.27","null","2022-06-14 12:07:08","9.94","0.08","234.54189","null"
"TRACE_after","40.5977534","-8.6672048","null","40° 35' 51.91'' N | 8° 40' 1.94'' W","528158.073E 4494158.651N 29T","29TNE 28158 94159","-8.667 40.598","EPSG:4326","14.27","null","2022-06-14 12:07:09","9.94","0.16","232.64154","null"
"TRACE_after","40.5977512","-8.6672086","null","40° 35' 51.9'' N | 8° 40' 1.95'' W","528157.752E 4494158.406N 29T","29TNE 28158 94158","-8.667 40.598","EPSG:4326","14.27","null","2022-06-14 12:07:10","9.94","0.23","232.50612","null"
"TRACE_after","40.5977491","-8.6672122","null","40° 35' 51.9'' N | 8° 40' 1.96'' W","528157.449E 4494158.171N 29T","29TNE 28157 94158","-8.667 40.598","EPSG:4326","14.27","null","2022-06-14 12:07:11","9.94","0.27","232.33928","null"
"TRACE_after","40.5977472","-8.6672155","null","40° 35' 51.89'' N | 8° 40' 1.98'' W","528157.17E 4494157.959N 29T","29TNE 28157 94158","-8.667 40.598","EPSG:4326","14.27","null","2022-06-14 12:07:12","9.94","0.28","232.60187","null"
"TRACE_after","40.5977461","-8.667218","null","40° 35' 51.89'' N | 8° 40' 1.98'' W","528156.959E 4494157.836N 29T","29TNE 28157 94158","-8.667 40.598","EPSG:4326","14.37","null","2022-06-14 12:07:13","9.94","0.2","235.94669","null"
"TRACE_after","40.5977465","-8.6672183","null","40° 35' 51.89'' N | 8° 40' 1.99'' W","528156.934E 4494157.881N 29T","29TNE 28157 94158","-8.667 40.598","EPSG:4326","14.37","null","2022-06-14 12:07:14","9.94","0.1","250.89993","null"
"TRACE_after","40.5977467","-8.6672186","null","40° 35' 51.89'' N | 8° 40' 1.99'' W","528156.908E 4494157.903N 29T","29TNE 28157 94158","-8.667 40.598","EPSG:4326","14.37","null","2022-06-14 12:07:15","9.94","0.06","266.9647","null"
"TRACE_after","40.5977468","-8.6672188","null","40° 35' 51.89'' N | 8° 40' 1.99'' W","528156.891E 4494157.914N 29T","29TNE 28157 94158","-8.667 40.598","EPSG:4326","14.37","null","2022-06-14 12:07:16","9.94","0.04","278.45508","null"
"TRACE_after","40.597747","-8.6672184","null","40° 35' 51.89'' N | 8° 40' 1.99'' W","528156.925E 4494157.936N 29T","29TNE 28157 94158","-8.667 40.598","EPSG:4326","14.37","null","2022-06-14 12:07:17","9.94","0.01","334.8408","null"
